mes,Animales vivos,Carnes y despojos comestibles,"Pescados y crust�ceos, moluscos e invertebrados acu�ticos","Leche y productos l�cteos, huevos, miel",Dem�s productos de origen animal,Plantas vivas y productos de la floricultura,"Legumbres y hortalizas, plantas, ra�ces y tub�rculos","Frutos comestibles, cortezas de agrios o melones","Caf�, t�, yerba mate y especias",Cereales,"Productos de moliner�a, malta, almid�n y f�cula","Semillas y frutos oleaginosos, forrajes","Gomas, resinas, y dem�s jugos y extractos vegetales",Materias trenzables y dem�s productos vegetales
January-08,5656.65,48380.42,12821.13,5556.56,9201.3,68819.52,7125.87,59072.27,202093.4,456.64,2470.71,1147.73,39.77,222.71
February-08,2044.74,56100.34,22414.62,6326.46,17557.81,107475.79,9067.09,47397.11,205438.26,1027.53,2081.63,723.26,54.44,24.98
March-08,2311.99,41100.67,16944.53,5522.39,8903.74,87697.97,7205.7,44813.22,190894.22,312.57,2558.63,678.27,27.22,367.76
April-08,775.48,37768.71,20791.84,8032.72,11474.64,134873.7,8778.51,74029.81,169210.68,754.93,3123.6,2602.48,32.04,158.44
May-08,843.08,40385.44,15910.93,9581.53,10024.38,109802.23,6267.36,69682.43,151000.2,589.12,2147.16,1526.52,62.06,182.52
June-08,1648.8,55020.88,17055.78,11322.7,17364.49,70433.52,7998.18,79590.57,163499.73,149.21,2287.18,800.85,263,158.81
July-08,2117.68,52553.87,23751.3,13542.64,15528.93,117938.61,9534.92,62789.62,175861.07,224.53,1695.85,892.53,1170.72,301.42
August-08,2541.57,58193.58,13419.57,13006.32,10718.67,129566.17,10100.3,64844.84,119139.55,471.4,2273.35,2235.83,30.36,74.04
September-08,3199.49,73121.54,13273.42,11931.77,5604.94,79790.96,3974.28,59188.92,131771.11,482.36,1312.76,602.5,10.03,29.48
October-08,1808.97,83138.34,17499.09,9426.32,1060.14,77067.44,11215.23,25513.93,131618.72,77.95,1666.4,1045.55,20.68,164.77
November-08,1265.82,105824.48,11396.25,7954.16,1040.46,55425.88,8046.33,29446.13,102263.84,1357.31,2073.32,965.43,40.51,0.09
December-08,2218.4,103753.7,17566.25,10321.73,336.15,63280.71,7520.71,39176.74,151809.06,805.92,2073.46,860.54,14.71,86.31
January-09,3052.71,89696.4,16899.9,3354.7,511.44,38645.02,8071.79,57535.14,179873.86,559.06,1991.5,441.72,4.61,34.9
February-09,3544.15,89270.86,11642.64,2962.42,491.23,52946.85,6706.42,81971.39,157680.27,1213.45,2375.03,1073.37,60.77,7.13
March-09,2001.13,110070.76,14532.91,5184.98,9854.87,87889.77,4724.2,88142.17,148432.8,633.95,2253.37,885.82,33.37,2.57
April-09,1859.56,89339.09,12578.51,3135.4,2728.25,110999.29,1975.96,59270.39,118109.67,1544.05,1491.31,2034.69,78.94,23.89
May-09,1550.26,95491.03,14336.8,3605.51,2584.83,126966.94,3398.08,68333.7,109279.73,454.27,1235.54,1792.65,45.16,39.07
June-09,1565.24,50832.73,11981.81,1670.68,449.71,54111.33,1801.38,64731.6,143443.9,133.52,1974.87,725.84,84.62,74.13
July-09,2132.22,40367.3,16659.92,4302.86,267.57,133226.92,3049.08,84602.63,133378.19,69.11,2076.87,1347.35,41.98,22.77
August-09,874.32,21560.27,16604.99,2258.77,526.79,96997.02,4120.32,65955.69,110450.47,76.58,1434.41,1152,58.3,9.86
September-09,719.48,6291.62,16630.49,935.96,270.75,122011.34,3119.96,91388.97,93777.21,231.62,1423.94,845.65,68.33,6.75
October-09,302.24,2455.03,6629.77,895.13,428.85,87858.01,1449.35,80038.64,114380.29,0.39,1396.06,1003.98,97.35,32.96
November-09,211,283.28,18963.87,1511.03,1485.23,59762.31,805.82,87303.3,120525.64,186.16,1269.56,324.71,90.62,11.94
December-09,237.93,754.57,24268.99,1692.85,462.06,84337.28,1062.15,56452.18,151729.21,299.36,2012.8,558.55,43.92,97.1
January-10,352.03,683.49,17901.1,461.77,276.57,70115.61,1072.98,63553.65,134112.02,0.28,2150.1,1106.21,27.89,361.33
February-10,441.12,1247.35,8462.62,1924.41,488.73,96688.86,770.21,60749.44,124246.14,0.25,1303.82,542.01,67.71,4.33
March-10,7114.05,950.75,15956.58,1636.49,430.29,149189.84,1172.92,80555.82,162999.06,749.47,1662.89,2888.32,49.88,42.1
April-10,369.69,1134.52,17491.28,480.58,640.87,78395.58,1024.93,61095.89,131869.85,1118,1601.1,1545.81,29.59,205.26
May-10,4940.03,1067.42,13887.01,916.4,359.49,143221.25,832.41,53039.73,158571.54,1430.52,4674.05,1375.66,25.9,205.12
June-10,325.71,915.4,7170.46,832.76,391.56,76120.64,931.78,43311.72,151151.5,92.06,1643.58,2594.07,74.75,35.59
July-10,299.51,1018.5,10042.48,1059.23,473.17,103702.11,544.07,67085.8,130127.85,18.33,1825.32,1180.54,227.08,172.47
August-10,136.29,783.14,14720.5,400.67,389.74,110633.73,1078.26,68728.78,137291.05,62.67,1183.48,1933.87,89.89,36.39
September-10,263.93,948.57,16076.17,931.7,449.4,92042.67,1225.97,74503.03,130934.91,109.24,1702.05,622.81,38.6,122.07
October-10,7400.08,1439.4,10425.08,1268.44,421.94,85931.41,692.93,86753.83,163982.27,178.83,1534.85,626.65,100.28,23.26
November-10,241.35,969.33,8689.96,1403.35,903.66,96167.49,1719.18,78788.93,208065.61,756.99,1224.95,1700.82,114.92,28.02
December-10,318.21,2032.14,13621.53,421.13,432.1,146255.03,1605.51,60780.46,288320.34,391.43,2890.72,2598.87,37.78,136.09
January-11,256.27,1014.33,9581.11,52.67,618.83,110900.29,1028.01,79806.53,286623.52,1.82,4967.88,1200.08,58.21,3.26
February-11,125.01,1229.93,9661.12,1164.36,596.53,123516.31,619.41,55820.17,258927.46,245.19,1763.25,1563.92,27.15,125.59
March-11,6271.86,1711.93,16887.33,544.54,662.31,120368.69,2772.78,69143.86,297268.92,49.34,2234.87,3498.81,38.98,283.27
April-11,3805.65,1591.47,14760.84,184.38,565.84,108352.89,1212.78,62016.74,278288.29,1148.03,2494.76,1143.99,76.61,198.85
May-11,8120.35,1537.83,11583.07,247.92,863.06,170310.54,2020.65,101988.44,191460.76,534.58,2633.93,2298.87,25.08,287.73
June-11,12059.71,2378.63,12260.64,270.8,1256.01,133244.81,1499.37,78044.86,218480.85,225.17,2232.95,3380.67,52.15,317.64
July-11,393.29,2289.17,14331.35,337.12,397.96,94198.6,900.73,34874.3,153445.15,1.51,1854.06,784.56,81.02,19.11
August-11,238.08,2491.85,11072.66,668.8,803.48,92577.69,1015.01,83528.74,156122.33,116.97,1753.19,2241.82,36.68,205.56
September-11,350.1,2922.18,16493.2,260.18,552.88,72834.49,1087.72,78619.68,134578.55,26.23,2310.57,1195.74,34.64,5.15
October-11,217.33,3268.32,11329.15,326.36,1076.01,71977.52,883.68,87073,165405.13,22.77,1949.9,1872.39,39.41,183.76
November-11,3484.98,3976.53,11620.4,423.21,1016.01,96347.41,1052.44,77021.95,245367.4,833.95,1868.87,1242.57,117.58,43.97
December-11,8338.06,3935.71,20858.02,753,281.83,65409.09,916.77,65807.08,279488.21,751.88,5391.83,1547.49,58.27,9.74
January-12,3537.1,2130.25,18284.14,514.63,1191.81,128712.26,858.5,66229.85,197295.75,328.7,4530.37,1475.33,90.17,13.23
February-12,9881.62,6484.02,6636.23,321.85,1228.97,102203.85,1311.25,53396.97,186693.26,362.87,7533.41,1733.61,95.51,181.3
March-12,24133.9,5195.89,8254.45,178.88,958.57,159288.45,1593.18,53695.83,203636.04,762.63,3317.48,4943.31,48.02,32.47
April-12,22648.58,2406.71,22479.32,481.45,596.96,88152.45,1032.13,55844.88,121442.45,721.24,2670.89,3541.18,89.48,201.3
May-12,34085.25,8014.05,10759.41,570.23,925.79,135068.74,869.82,105486.27,167643.92,2197.46,2241.49,2425.49,57.97,9.1
June-12,34662.53,5606.3,11083.69,602.3,776.54,81150.16,857.64,95952.68,162433.09,245.42,1374.08,1395.36,49.13,259.91
July-12,36010,3744.41,21819.32,812.62,1341.57,148585.97,1094.05,66944.94,151832.05,126.43,3854.51,2479.93,70.56,169.59
August-12,48350.75,1039.79,12521.06,390.5,1345.04,89857.53,947.34,72370.77,180244,157.19,5633.11,2791.19,51.67,59.65
September-12,42190.1,1449.6,9553.14,381.79,1277.78,82212.78,918.2,58222.53,123549.59,422.23,1411.57,1059.16,30.92,87.09
October-12,32748.69,1857.98,14219.06,401.73,1496.64,83429.85,761.05,90030.16,159793.23,415.92,2081.27,451.26,59.88,118.5
November-12,39250.49,5834.87,7996.83,185.12,928.53,110802.26,764.51,84520.6,144269.24,1435.89,1407.19,1600.48,16.58,4.08
December-12,26473.49,4602.31,12664.33,813.79,1144.88,69067.97,1034.42,77747.28,166159.47,579.87,1725.14,2304.65,54.73,88.98
January-13,30332.51,5417.54,9372.56,1094.86,1222.67,103521.95,1036.65,51508.66,177150.48,156.12,2816.77,1449.77,28.94,11.29
February-13,38596.71,18971.01,9697.33,178.2,1136.52,96708.54,1204.46,53640.58,171569.18,334.55,2060.22,1637.49,53.49,103.1
March-13,46802.14,15601.44,18027.07,338.59,1283.17,129653.64,1551.64,59910.91,127181.25,400.48,1750.36,3578.43,28.37,12.49
April-13,47492.24,13006.64,11272.63,308.48,1015.1,165983.14,1310.66,104228.58,152040.08,1584.18,6542.21,1581.1,114.6,84.15
May-13,34712.67,24393.89,6317.62,332.42,1555.57,139466.38,1089.81,80260.44,168982.24,3193.69,1789.08,2152.93,154.18,33.14
June-13,13528.6,22834.09,22996.29,244.57,1250.04,119035.74,1542.44,77570.12,138026.57,1820.75,1916.93,1763.09,12.63,28.31
July-13,10416.97,8380.47,8625.45,334.74,2114.64,101301.7,1205.89,77349.52,159759.03,2.3,2860.72,2539.54,117.54,274.38
August-13,19297.07,12284.58,18238.71,1394.35,854.1,129861.48,1259.59,40389.84,169039.94,53.39,2496.88,3073.11,60.66,18.45
September-13,18738.71,21500.9,8245.57,7374.5,1540.24,96774.46,1283.86,39037.47,152688.17,698.46,3063.38,1887.53,32.09,27.6
October-13,21982.13,24646.82,13968.35,7492.25,665.28,85105,1134.28,71497.99,152602.97,4.17,3010.77,1652.94,71.24,22.02
November-13,6622.57,24393.74,13621.02,8337.69,1207.64,95474.66,1160.22,75566.4,173174.69,1168.09,2439.88,2149.98,60.85,37.62
December-13,5564.76,15792.99,9013,8728.7,1394.01,81765.38,1618.53,96415.31,191779.45,2334.49,2065.39,1337.53,40.99,22.17
January-14,2462.28,20538.15,10302.78,1445.89,1411.79,108712.87,1690.62,76812.7,142633.76,626.35,6857.96,2579.87,13.92,20
February-14,3127.78,8297.76,4700.96,583.77,588.15,127355.07,1610.18,96498.67,202636.11,178.61,2334.85,3336.89,91.84,12.01
March-14,3083.29,3019.75,12876.78,2833.32,1758.3,124837.62,1571.44,75099.46,153516.89,68.75,4534.68,2141.44,73.61,111.98
April-14,1023.54,1025.77,20173.25,181.5,1420.04,118331.98,1851.53,75384.88,224406.62,6839.31,2849.03,2231.01,90.94,113.8
May-14,6122.9,2142.11,16616.16,196.86,1945.2,171117.93,1440.67,131717.33,213123.87,8232.02,2340.19,1751.31,71.1,113.59
June-14,9246.45,1587.04,8862.65,223.11,663.51,136779.65,759.6,97873.08,161247.53,577.22,6634.79,2243.37,178.98,215.68
July-14,7342.07,1670.9,17790.66,388.44,1797.12,132805.33,1584.75,60771.31,229475.04,695.84,5708.85,2995.64,347.11,45.69
August-14,10215.24,1577.37,17001.05,1608.06,1252.4,84901.85,1294.79,63112.42,218584.53,34.05,1976.46,2108.34,208.74,23.86
September-14,2861.41,1854.16,21787.65,2140.17,1100.95,93769.39,829.2,73320.25,216896.04,1265.45,3334.69,2627.87,269.44,29.49
October-14,2813.07,2356.26,16068.27,484.9,1975.77,101412.88,736.36,46480.08,252496.32,1000.64,2871.87,1409.65,235.4,80.8
November-14,3707.67,3554.76,17095.18,2734.55,1029.88,99457.55,705.81,45171.51,267402.24,1180.26,1732.39,2315.19,144.36,81.05
December-14,6319.85,2399.36,11847.22,390.78,1750.58,86626.13,722.93,76524.76,244052.01,1212.64,2267.8,1703.85,165.17,22.3
January-15,5829.89,1047.44,14014.4,333.3,1196.49,118788.38,1499.34,65499.84,288671.49,898.49,2179.15,2560.24,138.05,0.67
February-15,5157.11,2040.83,13604.73,220.59,1581.57,114440.63,1144.77,89153.23,251209.36,98.74,2308.69,2286.99,60.49,10.37
March-15,2884.77,1819.18,6094.6,407.5,938.68,148015.47,2497.5,93697.92,211128.97,2514.49,1618.95,3329.29,61.13,68.66
April-15,5386.29,1256.01,10791.71,399.62,1583.12,111674.59,1259.9,107937.59,182545.36,7641.83,1438.78,1664.14,198.63,14.2
May-15,3035.54,1561.69,6596.85,336.9,1791.92,145781.51,938.1,72663.57,194717.45,2522.52,1400.74,1048.14,97.69,93.05
June-15,423.06,1734.53,14487.7,520.49,817.16,96686.67,1204.91,74870.02,160584.86,1777.69,2181.73,2455.79,174.65,44.52
July-15,4478.69,3630.15,19744.46,3880.67,1592.92,110721.63,1206.19,52353.05,239676.39,102.82,1511.02,1743.25,148.89,35
August-15,2491.2,4079.47,9985.29,3595.13,849.97,93365.05,926.47,53510.2,218630.52,40.11,1429.52,1583.37,135.99,12.3
September-15,473.72,5509.59,9675.18,8547.85,891.05,97903.37,1248.19,68845.96,250151.27,602.98,2489.54,2703.17,74.78,85.54
October-15,6045.39,5348.39,16739.48,4966.62,2455.41,84164.61,746.11,88961.92,179340.6,134.15,1279.28,1272.53,112.41,35.38
November-15,6793.11,5011.05,13427.52,383.37,1289.47,102619.41,1266.52,53085.69,191276.25,55.19,1454.29,2412.97,133.78,110.51
December-15,7365.19,4056.09,13065.96,467.51,1704.67,84422.12,1293.03,69190.73,217993.93,13.01,1561.46,2708.83,121.38,32.02
January-16,4965.97,2547.62,12518.77,402.75,1561.1,82264.13,1982.83,48570.09,163588.43,363.1,992.24,3453.53,24.9,3.28
February-16,2569.93,3907.63,6100.92,453.35,908.1,149170.05,1804.72,94718.31,184225.85,102.83,1282.62,2918.94,166.41,33.3
March-16,2092.77,3390.6,5549.9,258.49,2293.27,122940.02,2335.93,114362.83,179113.85,623.24,975.65,3050.82,71.69,21.47
April-16,11528.99,1948.03,4075.03,544.97,1325.97,126166.96,1488.25,113100.83,281209.6,474.58,1263.84,1706.29,127.24,68.52
May-16,4264.91,2008.71,6532.45,436.62,1626.59,139852.61,1606.77,114431.46,152586.34,10768.78,1332.26,1496.2,152.95,38.89
June-16,3411.56,1805.41,12676.44,465.85,1470.27,117053.19,1370.91,126423.17,176288.8,44.34,836.34,1721.35,82.81,73.47
July-16,2826.32,2392.77,8728.47,394.56,729.33,101545.19,1481.77,38218.94,128997.84,66.84,983.81,2145.81,70.76,9.58
August-16,5702.76,3693.99,11577.59,525.13,2440.92,101426.4,1855.24,59888.82,169424.05,312.86,1080.93,3616.12,110.18,10
September-16,9893.52,2692.72,7396.39,460.72,2030.34,99757.2,1195.32,72603.35,196074.89,4.42,1898.91,1939.63,88.42,45.52
October-16,2874.29,4045.35,8475.28,546.27,2041.78,88206.67,1476.64,47169.46,193648.93,266.32,1049.54,1345.99,116.08,45.36
November-16,2289.76,4595.1,8290.79,528.11,1099.04,103299.11,1377.22,104499.66,219217.38,858.27,1582.77,2032.77,90.32,38.98
December-16,2874.27,5758.82,47488.21,563.14,2117.81,96456.29,1332.74,102054.59,429058.79,1163.07,1252.75,2190.63,125.17,28.47
January-17,4607.67,4580.1,6679.15,418.7,647.79,88796.31,1661.49,71237.66,232188.39,673.58,1378.36,2522.11,29.64,40.15
February-17,2812.73,5688.47,4344.13,617.63,1856.17,131548.67,1883.53,86445.07,214883.46,367.76,1688.63,5621.08,34.09,12.61
March-17,4045.83,8800.21,9133.14,957.51,2059.44,153367.14,2255.96,143681.24,295930.91,2837.54,2254.21,3498.97,140.67,39.21
April-17,6969.13,5487.99,5672.65,624.22,1295.68,84245.32,1531.92,60856.66,217795.85,370.13,2437.35,1722.43,80.48,19.38
May-17,373.93,6890.83,13784.59,1946.85,2488.02,149027.47,1472.78,165735.92,196637.34,230.67,3148.57,2384.37,32.68,15.99
June-17,4759.07,8605.48,5492.2,2525.25,1214.14,188258.23,1552.25,96856.78,137977,150.86,3017.35,2578.01,46.9,16
July-17,13782.04,5385.9,10921.74,4529.67,2531.68,103335.4,1300.96,79168.05,230431.85,321.6,5058.12,3326.96,116.73,67.85
August-17,267.84,4676.1,13553.78,3002.4,2861.37,123676.18,2956.33,78600.55,211174.85,16.09,5891.02,3957.71,99.39,48.46
September-17,2913.41,5150.4,11647.82,1887.57,2345.09,92707.26,1358.06,81010.86,240608.93,92.05,3475.32,1166.41,61.37,20.25
October-17,4296.45,7485.82,8074.25,1365.47,3507.8,93017.72,1403.7,75257.88,215414.31,761.95,2866.76,2484.76,120.4,26.62
November-17,2825.65,6462.38,9131.29,2031.47,1816.94,114798.05,1306.92,66438.09,198250.72,87.75,5240.03,1513.59,41.6,19.05
December-17,141.92,6835.09,6412.49,2972.91,2203.95,94349.43,1991.96,73822.35,203777.96,184.39,3001.75,2956.08,34.35,55.75
January-18,13358.45,14670.61,8697.41,1973.59,3915.2,116196.57,2707.94,105125.69,255058.15,61.42,6057.37,5515.46,84.6,5.37
February-18,2514.29,8299.84,9077.48,655.9,2322.13,131528.61,2349.44,92144.5,187220.64,15.22,1433.58,4234.88,27.94,16.59
March-18,9320.97,9279.65,12798.64,1959.85,2332.65,141771.93,2928.56,91895.68,201578.69,613.61,3104.68,2382.87,116.8,35.55
April-18,277.02,9006.88,6395.24,1544.32,3198.39,120444.66,2094.95,134666.92,205465.63,1315.75,3966.47,2619.1,70.96,70.08
May-18,12365.43,2848.54,10885.25,3721.18,3388.88,169971.09,2158.75,107654.12,190580.89,448.27,4689.25,1987.16,117.14,88.36
June-18,237.39,6812.94,10212.72,1496.61,3215.62,159562.32,2022.71,67007.31,147559.55,314.52,2774.84,3375.98,57.91,43.45
July-18,129.1,8869.37,11769.91,2367.38,2857.69,144332.02,2194.83,84023.31,166218.34,12.28,4760.27,3696.94,93.3,54.94
August-18,643.95,8150.76,12808.69,1543.44,3674.11,100553.6,1804.71,101137.38,213792.4,22.52,7503.73,2948.47,28.77,24.95
September-18,98.65,7824.95,10883.02,944.45,2196.48,92550.73,1568.06,63396.07,179237.15,239.6,3292.13,3019.99,73.66,3.92
October-18,5214.64,9492.13,10951.46,922.91,2843.42,102399.39,916.38,63699.01,194640.12,7.79,4052.95,1358.36,271.43,60.11
November-18,1182.04,3381.33,9289.28,2132.77,3703.38,100623.03,1626.94,75544.26,191051.99,549.32,6105.23,3125.8,110.96,41.42
December-18,4509.64,4122.15,12416.01,1945.79,2268.19,97942.89,2781.18,71546.35,216342.75,50.2,2508.84,2096.6,18,16.99
January-19,2715.77,4441.08,9202.97,1653.31,3521.28,101820.18,2700.55,109588.55,260699.07,73,1637.62,3940.02,63.33,13.32
February-19,419.12,4079.8,7908.28,542.76,2617.18,159516.65,2591.78,94574.64,221412.28,98.2,4993.71,5205.58,29.78,20.72
March-19,2819.64,10215.03,6906.51,586.72,3468.65,152037.52,2194.71,95459.5,193807.52,124.32,5164.31,2206.56,163.3,31.46
April-19,5280.68,8129,12383.39,634.93,2427.04,107992.17,2063.95,127746.24,186052.88,2095.19,3433.16,2148.01,29.19,36.04
May-19,188.57,4204.34,13298.21,1015.55,4077.25,182186.61,2388.06,142064.84,143552.4,12.91,9898.08,4424.47,388.06,90.9
June-19,763.87,5983.28,7140.4,729.12,1621.3,134215.52,2221.91,73138.13,147796.68,22.07,4575.5,2120.3,29.08,87.04
July-19,362.63,7945.26,12724.52,779.65,4487.45,108351.44,2294.86,80057.26,205010.72,17.08,6576.74,4444.54,106.82,52.39
August-19,11854.07,6174.39,10090.1,814.26,2584.21,128067.22,1548.98,94906.9,218999.2,403.7,7615.33,2482.38,55.18,75.5
September-19,169.4,5954.1,8581.53,1052.78,4064.15,94178.69,1602.33,74630.25,167456.15,8.63,7062.74,3127.78,138.05,16.86
October-19,15489.63,7116.62,10545.21,611.43,3099.98,104041.46,1370.47,96975.62,195326.69,111.78,6310.81,2031.72,34.42,21.47
November-19,5765.85,6103.93,13720.96,1420.89,2997.01,121440.73,2104.12,83430.46,193952.78,1066.88,9915.01,2584.82,450.26,15.33
December-19,14721.13,10225.93,19953.21,998.39,3610.5,101787.95,2390.65,85915.09,242374.73,111.13,3105.51,3648.51,228.14,85.96
January-20,6122.9,7236.15,11585.55,680.38,2954.11,98100.15,2331.05,143866.28,249836.31,964.12,2633.42,3537.85,1298.83,18.54
February-20,7431.9,9251.63,9498.17,796.69,2423.19,180000.25,1953.99,101524.52,215605.59,15.68,6125.3,2455.83,31.67,32.58
March-20,18809.8,9672.73,5698.47,842.79,3408.11,154802.75,2702.95,99170.29,170321.53,791.77,4971.52,2865.54,65.74,40.61
April-20,7636.58,11334.17,10272.06,1033.89,2567.35,107589.82,1815.88,90541.92,157384.05,9.11,8167.58,1872.06,363.1,44.27
May-20,12423.2,8739.19,7760.65,1420.32,2295.12,146473.07,1827.13,101953.32,141864.02,1613.59,4326.44,2784.71,691.48,18.2
June-20,20679.38,6372.61,9267.52,1211.96,3161.69,100946.03,1537.45,95216.85,194805.85,752.16,8026.77,3119.15,220.99,27.36
July-20,3462.83,8003.07,13227.4,1060.01,2792.46,107332.64,1722.26,91828.71,270277.39,598.66,10609.53,2401.57,1080.13,55.04
August-20,19307.74,9069.81,9065.18,1397.41,2587.36,93201.06,1674.37,78973.68,201786.85,178.6,7177.24,1710.13,726.66,14.64
September-20,5328.09,12127.9,14334.33,1196.39,3292.37,108948.9,1730.52,86821.61,217897.43,14.15,8095.49,2129.54,114.6,14.62
October-20,20199.38,13383.58,9802.66,1615.73,3409.86,101595.86,2234,116055.25,173371.85,3.8,7618.09,4352.8,291.98,29.91
November-20,11434.98,12689.55,17127.98,2367.9,3059.55,125965.22,2300.93,105597.31,227635.81,103.3,6559.87,2711.49,210.76,45.53
December-20,18731.89,18498.07,8689.1,3092.96,2849.06,106377.55,2241.98,172723.44,316675.7,94.45,3793.15,3309.48,1148.41,95.3
January-21,13911.22,12741.04,8186.09,1891.99,3323.5,130252.4,2121.03,104670.6,255455.19,8.62,5722.54,3421.75,178.35,24.12
February-21,15034.4,20707.19,10782.32,1506.75,3992.7,154414.6,1960.67,93982.4,267999.83,185.03,3272.07,2362.8,271.42,24.71
March-21,29470.4,20817.41,8220.36,2808.61,3754.61,204659.83,2566.03,147978.95,278224.94,1042.52,6402.77,4153.28,1090.4,65.4
April-21,14569.43,17686.1,13186.09,3642.82,3659.87,147307.18,2763.35,129717.14,243363.43,1190.87,5872.57,3535.99,499.5,113.19
May-21,9896.97,11920.87,9325.87,2218.92,4317.59,217431.35,1704.67,128904.7,124318.68,719.18,8871.12,2516.2,410.48,9.74
June-21,5464.81,16091.96,11380.11,3069.72,3745.9,125897.16,1463.89,125166.53,115655.39,35.53,9479.2,2618.05,88.36,50.49
July-21,3719.33,21743.56,9019.38,3075.95,4515.66,106769.88,2294.71,141759.41,309123.08,860.17,5996.38,3708.62,1041.04,93.58
August-21,6056.5,29048.51,13332.21,3233.1,4138.33,114586.3,1347.71,97713.86,322175.05,446.44,4263.66,2882.26,272.8,62.73
September-21,11653.72,27030.91,9192.27,2184.04,3695.19,97506.45,2078.25,104837.94,268316.56,551.77,5400.01,2988.6,400.38,145.53
October-21,21132.64,29614.43,10833.76,1805.27,3806.86,149379.36,1416.24,118999.77,327953.17,65.45,7052.06,2928.71,85.01,74.89
November-21,3196.94,27618.7,11758.72,1741.81,4120.18,143428.16,2056.21,125686.49,316349.68,211.01,5878.13,3528.78,179.12,16.54
December-21,26618.86,15983.78,14657.75,2053.38,4807.08,164464.75,2593.93,90006.4,376919.2,717.71,6267.78,4159.9,345.09,39.67
January-22,35463.86,14720.7,9852.49,926.38,2913.78,141635.11,2076.78,100970.06,332201.37,46.25,7182.33,3074.46,1094.63,110.74
February-22,33618.5,14824.72,10455.15,962.81,4264.13,259746.61,2605.36,123090.83,383477.5,1059.47,4976.45,4810.11,40.7,6.75
March-22,50298.78,15923.36,9864.14,1347.84,6454.22,223653.38,2758.29,104377.57,412235.77,779.62,6510.49,3844.4,909.39,216.31
April-22,32387.66,7448.1,11282.26,1330.07,4744.31,188739.86,2473.38,145770.98,327940.15,120.83,7640.95,3852.09,125.36,149.5
May-22,36362.94,15432.36,12410.44,2072,4066.25,253341.51,2383.34,133735.35,275625.67,456.09,8521.72,4373.09,144.45,121.34
June-22,15047.71,12134.22,10960.11,1583.05,5122.18,174915.14,1789.59,154499.19,369007.84,60.91,8775.86,2887.36,1489.58,112.02
July-22,1477.34,14978.82,13017.69,1545.56,5243.74,146767.56,1884.17,92949.94,394622.52,34.42,8819.06,3419.83,81.43,106.98
August-22,16924.06,23625.22,15138.87,2806.05,6034.48,142231.42,1696.99,112489.79,323525.42,79.43,5904.14,3940.19,43.72,76.93
September-22,24977.03,24614.92,12650.8,2617.35,3724.42,125432.34,1931.02,150369.32,339103.65,70.7,7495.44,4433.73,47.92,139.95
October-22,34686.17,21286.98,14351.05,2015.86,5613,144035.81,1800.21,106316.77,323641.12,57.36,5689.86,3000.13,258.91,116.34
November-22,13422.38,16251.66,10848.25,2039.15,4887.19,149848.44,2456.31,120862.45,293141.45,580.81,4470.54,3792.95,179.21,121.43
December-22,26064.47,12375.73,21200.4,3650.19,5664.22,132492.68,3360.51,130361.16,348771.02,14.89,6602.14,4196.45,452.43,117.82
January-23,23926.18,12908.98,10941.2,1777.2,5283.97,159105.05,2522.06,53594.92,250131.82,26.84,4919.17,4059.85,247.8,93.02
February-23,3887.09,14271.26,11585.12,2138.73,4648.54,225436.32,3571.2,90430.66,261153.29,49.14,7729.17,4103.88,100.65,60.78
March-23,25740.67,11095.35,10403.57,2408.52,5583.61,215602.72,3844.65,129622.06,292938.55,189.8,6071.2,4365.96,452.26,169.58
April-23,17818.04,9314.25,19493.81,2225.81,3580.93,146754.83,2526.83,111917.17,212748.01,965.46,9632.7,3585.25,530.27,127.63
May-23,35387.96,11915.79,18360.79,2402.81,4742.02,225073.36,3275.89,130359.32,251607.5,658.4,7176.73,4472.01,646.39,168.53
June-23,16259.85,12604.72,14953.35,2515.19,4698.47,175349.04,2344.03,140348.27,225461.44,158.14,8061.42,3902.01,216.44,148.7
July-23,20857.43,9567.23,12587.22,1143.76,5398.28,216667.44,2592.29,87784.19,227622,343.78,7558.06,3808.87,85.13,153.07
August-23,911.37,6811.83,16127.3,1497.29,4766.17,132231,2404.56,107772.62,226253.69,228.37,11113.51,3059.27,189.2,228.19
September-23,12965.07,716.04,12965.82,2789.27,4239.87,138956.59,2810.67,100607.81,234930.49,222.4,7703.38,4054.73,34.15,163.02
October-23,21188.78,5916.97,8217.27,1532.21,5717.01,143965.96,3082.23,118228.72,188621.88,328.21,6374.73,5181.45,288.09,93.85
November-23,33516.8,11435.63,20018.05,2089.83,4959.52,170021.53,2546.82,138263.52,251091.23,101.79,5878.69,4234.31,175.79,174.34
December-23,29503.44,10541.74,7739.05,2404.02,5026.14,165986.13,3917.31,141556.89,306637.15,218.83,6481.85,4001.29,70.84,232.89
January-24,17111.51,6449.1,20008.96,3520.36,3978.18,168251.14,4206.56,154145.98,231800.57,47.13,6311.72,5757.25,742.23,120.37
February-24,14598.72,7075.18,11500.74,4029.88,4916.96,255049.76,4011.47,160244.84,258106.5,29.35,8495.05,4682.56,91.18,216.22
March-24,47586.07,7357.6,9244.38,3561.42,4538.3,223584.45,3712.95,127680.57,238506.48,592.72,6016.26,5960.48,232.51,150.72
April-24,11186.36,5869.75,16065.83,4353.09,5182.08,180109.03,3947.86,188475.02,261112.47,808.58,7222.36,4255.39,268.28,161.3
May-24,5137.06,5177.16,10523.81,5969.8,5596.3,257444.58,3245.79,203945.08,268005.6,269.45,7070.72,4445.7,844.23,223.53
June-24,10814.02,7951.06,8215.79,6721.95,4049.7,204488.78,2449.6,137686.26,285915.9,116.73,5766.14,4914.71,42.44,124.75
July-24,17916.29,8067.47,24945.05,7762.86,6096.76,216369.61,2666.66,129277.16,291114.44,47.73,6794.34,4110.89,247.45,207.04
August-24,7097.26,8803.5,5697.2,5217.37,6734.69,152906.27,2617.34,104381.89,318115.41,398.87,5402.65,4387.3,251.31,80.33
